[{"model": "admin.logentry", "pk": 1, "fields": {"action_time": "2022-03-16T17:41:21.535Z", "user": 1, "content_type": 7, "object_id": "1", "object_repr": "Data Science with Python", "action_flag": 1, "change_message": "[{\"added\": {}}]"}}, {"model": "admin.logentry", "pk": 2, "fields": {"action_time": "2022-03-16T17:41:21.641Z", "user": 1, "content_type": 7, "object_id": "2", "object_repr": "Data Science with Python", "action_flag": 1, "change_message": "[{\"added\": {}}]"}}, {"model": "admin.logentry", "pk": 3, "fields": {"action_time": "2022-03-16T17:41:41.296Z", "user": 1, "content_type": 7, "object_id": "1", "object_repr": "Data Science with Python", "action_flag": 3, "change_message": ""}}, {"model": "admin.logentry", "pk": 4, "fields": {"action_time": "2022-03-16T17:48:47.118Z", "user": 1, "content_type": 8, "object_id": "1", "object_repr": "Python", "action_flag": 1, "change_message": "[{\"added\": {}}]"}}, {"model": "admin.logentry", "pk": 5, "fields": {"action_time": "2022-03-16T17:48:53.469Z", "user": 1, "content_type": 8, "object_id": "2", "object_repr": "Excel", "action_flag": 1, "change_message": "[{\"added\": {}}]"}}, {"model": "admin.logentry", "pk": 6, "fields": {"action_time": "2022-03-16T17:49:06.814Z", "user": 1, "content_type": 8, "object_id": "3", "object_repr": "Web Development", "action_flag": 1, "change_message": "[{\"added\": {}}]"}}, {"model": "admin.logentry", "pk": 7, "fields": {"action_time": "2022-03-16T17:49:15.050Z", "user": 1, "content_type": 8, "object_id": "4", "object_repr": "Javascript", "action_flag": 1, "change_message": "[{\"added\": {}}]"}}, {"model": "admin.logentry", "pk": 8, "fields": {"action_time": "2022-03-16T17:49:24.132Z", "user": 1, "content_type": 8, "object_id": "5", "object_repr": "Information Science", "action_flag": 1, "change_message": "[{\"added\": {}}]"}}, {"model": "admin.logentry", "pk": 9, "fields": {"action_time": "2022-03-16T17:49:36.496Z", "user": 1, "content_type": 8, "object_id": "6", "object_repr": "AWS Certification", "action_flag": 1, "change_message": "[{\"added\": {}}]"}}, {"model": "admin.logentry", "pk": 10, "fields": {"action_time": "2022-03-16T17:49:43.355Z", "user": 1, "content_type": 8, "object_id": "7", "object_repr": "Design", "action_flag": 1, "change_message": "[{\"added\": {}}]"}}, {"model": "admin.logentry", "pk": 11, "fields": {"action_time": "2022-03-16T17:50:03.140Z", "user": 1, "content_type": 7, "object_id": "2", "object_repr": "Data Science with Python", "action_flag": 2, "change_message": "[{\"changed\": {\"fields\": [\"Category\"]}}]"}}, {"model": "admin.logentry", "pk": 12, "fields": {"action_time": "2022-03-16T17:50:08.974Z", "user": 1, "content_type": 7, "object_id": "2", "object_repr": "Data Science with Python", "action_flag": 2, "change_message": "[]"}}, {"model": "admin.logentry", "pk": 13, "fields": {"action_time": "2022-03-16T17:53:56.175Z", "user": 1, "content_type": 7, "object_id": "2", "object_repr": "Data Science with Python", "action_flag": 3, "change_message": ""}}, {"model": "admin.logentry", "pk": 14, "fields": {"action_time": "2022-03-16T17:58:06.332Z", "user": 1, "content_type": 7, "object_id": "3", "object_repr": "Data Science with Python", "action_flag": 1, "change_message": "[{\"added\": {}}]"}}, {"model": "admin.logentry", "pk": 15, "fields": {"action_time": "2022-03-16T17:59:24.095Z", "user": 1, "content_type": 7, "object_id": "3", "object_repr": "Data Science with Python", "action_flag": 3, "change_message": ""}}, {"model": "admin.logentry", "pk": 16, "fields": {"action_time": "2022-03-16T17:59:55.161Z", "user": 1, "content_type": 7, "object_id": "4", "object_repr": "Data Science with Python", "action_flag": 1, "change_message": "[{\"added\": {}}]"}}, {"model": "admin.logentry", "pk": 17, "fields": {"action_time": "2022-03-16T18:00:24.872Z", "user": 1, "content_type": 7, "object_id": "4", "object_repr": "Data Science with Python", "action_flag": 3, "change_message": ""}}, {"model": "admin.logentry", "pk": 18, "fields": {"action_time": "2022-03-16T18:00:39.190Z", "user": 1, "content_type": 7, "object_id": "5", "object_repr": "Data Science with Python", "action_flag": 1, "change_message": "[{\"added\": {}}]"}}, {"model": "admin.logentry", "pk": 19, "fields": {"action_time": "2022-03-16T18:05:07.268Z", "user": 1, "content_type": 7, "object_id": "5", "object_repr": "Data Science with Python", "action_flag": 3, "change_message": ""}}, {"model": "admin.logentry", "pk": 20, "fields": {"action_time": "2022-03-16T18:05:25.882Z", "user": 1, "content_type": 7, "object_id": "6", "object_repr": "Data Science with Python", "action_flag": 1, "change_message": "[{\"added\": {}}]"}}, {"model": "admin.logentry", "pk": 21, "fields": {"action_time": "2022-03-16T18:05:40.307Z", "user": 1, "content_type": 7, "object_id": "6", "object_repr": "Data Science with Python", "action_flag": 3, "change_message": ""}}, {"model": "admin.logentry", "pk": 22, "fields": {"action_time": "2022-03-16T18:19:08.209Z", "user": 1, "content_type": 7, "object_id": "7", "object_repr": "Data Science with Python", "action_flag": 1, "change_message": "[{\"added\": {}}]"}}, {"model": "admin.logentry", "pk": 23, "fields": {"action_time": "2022-03-16T18:20:42.098Z", "user": 1, "content_type": 7, "object_id": "7", "object_repr": "Data Science with Python", "action_flag": 3, "change_message": ""}}, {"model": "admin.logentry", "pk": 24, "fields": {"action_time": "2022-03-16T18:20:56.876Z", "user": 1, "content_type": 7, "object_id": "8", "object_repr": "Data Science with Python", "action_flag": 1, "change_message": "[{\"added\": {}}]"}}, {"model": "admin.logentry", "pk": 25, "fields": {"action_time": "2022-03-16T18:22:52.776Z", "user": 1, "content_type": 7, "object_id": "9", "object_repr": "HTML, CSS and JavaScript for Web Developers", "action_flag": 1, "change_message": "[{\"added\": {}}]"}}, {"model": "admin.logentry", "pk": 26, "fields": {"action_time": "2022-03-16T18:25:07.798Z", "user": 1, "content_type": 7, "object_id": "10", "object_repr": "Learn JavaScript", "action_flag": 1, "change_message": "[{\"added\": {}}]"}}, {"model": "admin.logentry", "pk": 27, "fields": {"action_time": "2022-03-16T18:42:08.555Z", "user": 1, "content_type": 7, "object_id": "10", "object_repr": "Course object (10)", "action_flag": 2, "change_message": "[{\"changed\": {\"fields\": [\"Price\"]}}]"}}, {"model": "admin.logentry", "pk": 28, "fields": {"action_time": "2022-03-16T18:42:18.548Z", "user": 1, "content_type": 7, "object_id": "9", "object_repr": "Course object (9)", "action_flag": 2, "change_message": "[{\"changed\": {\"fields\": [\"Price\"]}}]"}}, {"model": "admin.logentry", "pk": 29, "fields": {"action_time": "2022-03-16T18:42:23.896Z", "user": 1, "content_type": 7, "object_id": "8", "object_repr": "Course object (8)", "action_flag": 2, "change_message": "[{\"changed\": {\"fields\": [\"Price\"]}}]"}}, {"model": "admin.logentry", "pk": 30, "fields": {"action_time": "2022-03-16T18:47:31.620Z", "user": 1, "content_type": 7, "object_id": "11", "object_repr": "Course object (11)", "action_flag": 1, "change_message": "[{\"added\": {}}]"}}, {"model": "admin.logentry", "pk": 31, "fields": {"action_time": "2022-03-16T18:48:20.508Z", "user": 1, "content_type": 7, "object_id": "12", "object_repr": "Course object (12)", "action_flag": 1, "change_message": "[{\"added\": {}}]"}}, {"model": "admin.logentry", "pk": 32, "fields": {"action_time": "2022-03-16T18:49:25.614Z", "user": 1, "content_type": 7, "object_id": "13", "object_repr": "Course object (13)", "action_flag": 1, "change_message": "[{\"added\": {}}]"}}, {"model": "admin.logentry", "pk": 33, "fields": {"action_time": "2022-03-16T18:50:25.648Z", "user": 1, "content_type": 7, "object_id": "14", "object_repr": "Course object (14)", "action_flag": 1, "change_message": "[{\"added\": {}}]"}}, {"model": "admin.logentry", "pk": 34, "fields": {"action_time": "2022-03-16T19:15:04.138Z", "user": 1, "content_type": 7, "object_id": "11", "object_repr": "Course object (11)", "action_flag": 2, "change_message": "[{\"changed\": {\"fields\": [\"Image\"]}}]"}}, {"model": "admin.logentry", "pk": 35, "fields": {"action_time": "2022-03-16T19:19:23.132Z", "user": 1, "content_type": 7, "object_id": "15", "object_repr": "Course object (15)", "action_flag": 1, "change_message": "[{\"added\": {}}]"}}, {"model": "admin.logentry", "pk": 36, "fields": {"action_time": "2022-03-16T19:20:43.172Z", "user": 1, "content_type": 7, "object_id": "16", "object_repr": "Course object (16)", "action_flag": 1, "change_message": "[{\"added\": {}}]"}}, {"model": "admin.logentry", "pk": 37, "fields": {"action_time": "2022-03-16T19:21:12.135Z", "user": 1, "content_type": 7, "object_id": "17", "object_repr": "Course object (17)", "action_flag": 1, "change_message": "[{\"added\": {}}]"}}, {"model": "admin.logentry", "pk": 38, "fields": {"action_time": "2022-03-16T19:22:24.362Z", "user": 1, "content_type": 7, "object_id": "18", "object_repr": "Course object (18)", "action_flag": 1, "change_message": "[{\"added\": {}}]"}}, {"model": "admin.logentry", "pk": 39, "fields": {"action_time": "2022-03-16T19:23:23.234Z", "user": 1, "content_type": 7, "object_id": "17", "object_repr": "Course object (17)", "action_flag": 2, "change_message": "[{\"changed\": {\"fields\": [\"Image\"]}}]"}}, {"model": "admin.logentry", "pk": 40, "fields": {"action_time": "2022-03-16T19:45:46.704Z", "user": 1, "content_type": 7, "object_id": "19", "object_repr": "Course object (19)", "action_flag": 1, "change_message": "[{\"added\": {}}]"}}, {"model": "admin.logentry", "pk": 41, "fields": {"action_time": "2022-03-16T19:46:36.645Z", "user": 1, "content_type": 7, "object_id": "20", "object_repr": "Course object (20)", "action_flag": 1, "change_message": "[{\"added\": {}}]"}}, {"model": "admin.logentry", "pk": 42, "fields": {"action_time": "2022-03-16T19:47:27.656Z", "user": 1, "content_type": 7, "object_id": "21", "object_repr": "Course object (21)", "action_flag": 1, "change_message": "[{\"added\": {}}]"}}, {"model": "admin.logentry", "pk": 43, "fields": {"action_time": "2022-03-16T19:48:27.699Z", "user": 1, "content_type": 7, "object_id": "22", "object_repr": "Course object (22)", "action_flag": 1, "change_message": "[{\"added\": {}}]"}}, {"model": "admin.logentry", "pk": 44, "fields": {"action_time": "2022-03-16T19:48:44.764Z", "user": 1, "content_type": 7, "object_id": "21", "object_repr": "Course object (21)", "action_flag": 2, "change_message": "[{\"changed\": {\"fields\": [\"Description\"]}}]"}}, {"model": "admin.logentry", "pk": 45, "fields": {"action_time": "2022-03-16T19:52:19.253Z", "user": 1, "content_type": 7, "object_id": "23", "object_repr": "Course object (23)", "action_flag": 1, "change_message": "[{\"added\": {}}]"}}, {"model": "admin.logentry", "pk": 46, "fields": {"action_time": "2022-03-16T19:53:02.081Z", "user": 1, "content_type": 7, "object_id": "24", "object_repr": "Course object (24)", "action_flag": 1, "change_message": "[{\"added\": {}}]"}}, {"model": "admin.logentry", "pk": 47, "fields": {"action_time": "2022-03-16T19:53:37.893Z", "user": 1, "content_type": 7, "object_id": "25", "object_repr": "Course object (25)", "action_flag": 1, "change_message": "[{\"added\": {}}]"}}, {"model": "admin.logentry", "pk": 48, "fields": {"action_time": "2022-03-16T19:54:23.416Z", "user": 1, "content_type": 7, "object_id": "26", "object_repr": "Course object (26)", "action_flag": 1, "change_message": "[{\"added\": {}}]"}}, {"model": "admin.logentry", "pk": 49, "fields": {"action_time": "2022-03-16T19:57:32.288Z", "user": 1, "content_type": 8, "object_id": "5", "object_repr": "Data Science", "action_flag": 2, "change_message": "[{\"changed\": {\"fields\": [\"Category\"]}}]"}}, {"model": "admin.logentry", "pk": 50, "fields": {"action_time": "2022-03-16T19:59:01.627Z", "user": 1, "content_type": 7, "object_id": "27", "object_repr": "Course object (27)", "action_flag": 1, "change_message": "[{\"added\": {}}]"}}, {"model": "admin.logentry", "pk": 51, "fields": {"action_time": "2022-03-16T19:59:49.636Z", "user": 1, "content_type": 7, "object_id": "28", "object_repr": "Course object (28)", "action_flag": 1, "change_message": "[{\"added\": {}}]"}}, {"model": "admin.logentry", "pk": 52, "fields": {"action_time": "2022-03-16T20:00:38.841Z", "user": 1, "content_type": 7, "object_id": "29", "object_repr": "Course object (29)", "action_flag": 1, "change_message": "[{\"added\": {}}]"}}, {"model": "admin.logentry", "pk": 53, "fields": {"action_time": "2022-03-16T20:01:09.890Z", "user": 1, "content_type": 7, "object_id": "30", "object_repr": "Course object (30)", "action_flag": 1, "change_message": "[{\"added\": {}}]"}}, {"model": "admin.logentry", "pk": 54, "fields": {"action_time": "2022-03-16T20:04:34.306Z", "user": 1, "content_type": 7, "object_id": "31", "object_repr": "Course object (31)", "action_flag": 1, "change_message": "[{\"added\": {}}]"}}, {"model": "admin.logentry", "pk": 55, "fields": {"action_time": "2022-03-16T20:05:18.187Z", "user": 1, "content_type": 7, "object_id": "32", "object_repr": "Course object (32)", "action_flag": 1, "change_message": "[{\"added\": {}}]"}}, {"model": "admin.logentry", "pk": 56, "fields": {"action_time": "2022-03-16T20:05:47.791Z", "user": 1, "content_type": 7, "object_id": "33", "object_repr": "Course object (33)", "action_flag": 1, "change_message": "[{\"added\": {}}]"}}, {"model": "admin.logentry", "pk": 57, "fields": {"action_time": "2022-03-16T20:05:54.308Z", "user": 1, "content_type": 7, "object_id": "33", "object_repr": "Course object (33)", "action_flag": 2, "change_message": "[{\"changed\": {\"fields\": [\"Category\"]}}]"}}, {"model": "admin.logentry", "pk": 58, "fields": {"action_time": "2022-03-16T20:06:23.867Z", "user": 1, "content_type": 7, "object_id": "34", "object_repr": "Course object (34)", "action_flag": 1, "change_message": "[{\"added\": {}}]"}}, {"model": "admin.logentry", "pk": 59, "fields": {"action_time": "2022-03-16T20:08:18.786Z", "user": 1, "content_type": 7, "object_id": "35", "object_repr": "Course object (35)", "action_flag": 1, "change_message": "[{\"added\": {}}]"}}, {"model": "admin.logentry", "pk": 60, "fields": {"action_time": "2022-03-16T20:08:50.400Z", "user": 1, "content_type": 7, "object_id": "36", "object_repr": "Course object (36)", "action_flag": 1, "change_message": "[{\"added\": {}}]"}}, {"model": "admin.logentry", "pk": 61, "fields": {"action_time": "2022-03-16T20:09:20.567Z", "user": 1, "content_type": 7, "object_id": "37", "object_repr": "Course object (37)", "action_flag": 1, "change_message": "[{\"added\": {}}]"}}, {"model": "admin.logentry", "pk": 62, "fields": {"action_time": "2022-03-16T20:09:50.403Z", "user": 1, "content_type": 7, "object_id": "38", "object_repr": "Course object (38)", "action_flag": 1, "change_message": "[{\"added\": {}}]"}}, {"model": "admin.logentry", "pk": 63, "fields": {"action_time": "2022-03-19T04:41:22.258Z", "user": 1, "content_type": 9, "object_id": "1", "object_repr": "Lorem ipsum dolor sit, amet consectetur adipisicing elit. Dolore facere enim delectus in, deserunt cum iusto eligendi libero dolores", "action_flag": 1, "change_message": "[{\"added\": {}}]"}}, {"model": "admin.logentry", "pk": 64, "fields": {"action_time": "2022-03-19T04:41:40.473Z", "user": 1, "content_type": 9, "object_id": "1", "object_repr": "Title #1", "action_flag": 2, "change_message": "[{\"changed\": {\"fields\": [\"Title\"]}}]"}}, {"model": "admin.logentry", "pk": 65, "fields": {"action_time": "2022-03-19T04:41:52.619Z", "user": 1, "content_type": 9, "object_id": "1", "object_repr": "Head1", "action_flag": 2, "change_message": "[{\"changed\": {\"fields\": [\"Title\"]}}]"}}, {"model": "admin.logentry", "pk": 66, "fields": {"action_time": "2022-03-19T04:42:21.203Z", "user": 1, "content_type": 9, "object_id": "2", "object_repr": "Head 2", "action_flag": 1, "change_message": "[{\"added\": {}}]"}}, {"model": "admin.logentry", "pk": 67, "fields": {"action_time": "2022-03-19T04:42:45.281Z", "user": 1, "content_type": 9, "object_id": "3", "object_repr": "Head3", "action_flag": 1, "change_message": "[{\"added\": {}}]"}}, {"model": "admin.logentry", "pk": 68, "fields": {"action_time": "2022-03-19T04:42:49.992Z", "user": 1, "content_type": 9, "object_id": "2", "object_repr": "Head2", "action_flag": 2, "change_message": "[{\"changed\": {\"fields\": [\"Title\"]}}]"}}, {"model": "admin.logentry", "pk": 69, "fields": {"action_time": "2022-03-19T04:43:10.108Z", "user": 1, "content_type": 9, "object_id": "1", "object_repr": "Head1", "action_flag": 2, "change_message": "[{\"changed\": {\"fields\": [\"Image\"]}}]"}}, {"model": "admin.logentry", "pk": 70, "fields": {"action_time": "2022-03-19T04:43:47.259Z", "user": 1, "content_type": 9, "object_id": "4", "object_repr": "Lorem ipsum dolor sit amet consectetur adipisicing elit. Molestiae, officia.", "action_flag": 1, "change_message": "[{\"added\": {}}]"}}, {"model": "admin.logentry", "pk": 71, "fields": {"action_time": "2022-03-19T04:44:34.334Z", "user": 1, "content_type": 9, "object_id": "5", "object_repr": "Lorem ipsum dolor sit amet consectetur adipisicing elit. Voluptate, praesentium tempore recusandae maiores, a officiis, aut corrupti consequuntur laboriosam quia architecto inventore dolore accusamus", "action_flag": 1, "change_message": "[{\"added\": {}}]"}}, {"model": "admin.logentry", "pk": 72, "fields": {"action_time": "2022-03-19T04:45:07.555Z", "user": 1, "content_type": 9, "object_id": "5", "object_repr": "Lorem ipsum dolor sit amet consectetur adipisicing elit. Molestiae, officia.", "action_flag": 2, "change_message": "[{\"changed\": {\"fields\": [\"Title\"]}}]"}}, {"model": "admin.logentry", "pk": 73, "fields": {"action_time": "2022-03-19T04:45:25.367Z", "user": 1, "content_type": 9, "object_id": "6", "object_repr": "Lorem ipsum dolor sit amet consectetur adipisicing elit. Molestiae, officia.", "action_flag": 1, "change_message": "[{\"added\": {}}]"}}, {"model": "admin.logentry", "pk": 74, "fields": {"action_time": "2022-03-19T04:45:42.767Z", "user": 1, "content_type": 9, "object_id": "7", "object_repr": "Lorem ipsum dolor sit amet consectetur adipisicing elit. Molestiae, officia.", "action_flag": 1, "change_message": "[{\"added\": {}}]"}}, {"model": "admin.logentry", "pk": 75, "fields": {"action_time": "2022-03-19T04:46:13.506Z", "user": 1, "content_type": 9, "object_id": "8", "object_repr": "Lorem ipsum dolor sit amet consectetur adipisicing elit. Molestiae, officia.", "action_flag": 1, "change_message": "[{\"added\": {}}]"}}, {"model": "admin.logentry", "pk": 76, "fields": {"action_time": "2022-03-19T04:46:34.681Z", "user": 1, "content_type": 9, "object_id": "9", "object_repr": "Lorem ipsum dolor sit amet consectetur adipisicing elit. Molestiae, officia.", "action_flag": 1, "change_message": "[{\"added\": {}}]"}}, {"model": "admin.logentry", "pk": 77, "fields": {"action_time": "2022-03-19T05:19:06.502Z", "user": 1, "content_type": 9, "object_id": "10", "object_repr": "Lorem ipsum dolor sit amet consectetur adipisicing elit. Molestiae, officia.", "action_flag": 1, "change_message": "[{\"added\": {}}]"}}, {"model": "admin.logentry", "pk": 78, "fields": {"action_time": "2022-03-19T05:25:23.677Z", "user": 1, "content_type": 9, "object_id": "10", "object_repr": "Lorem ipsum dolor sit amet consectetur adipisicing elit. Molestiae, officia.", "action_flag": 2, "change_message": "[]"}}, {"model": "admin.logentry", "pk": 79, "fields": {"action_time": "2022-03-19T05:25:49.420Z", "user": 1, "content_type": 9, "object_id": "11", "object_repr": "Lorem ipsum dolor sit amet consectetur adipisicing elit. Molestiae, officia.", "action_flag": 1, "change_message": "[{\"added\": {}}]"}}, {"model": "admin.logentry", "pk": 80, "fields": {"action_time": "2022-03-19T05:25:57.436Z", "user": 1, "content_type": 9, "object_id": "12", "object_repr": "Lorem ipsum dolor sit amet consectetur adipisicing elit. Molestiae, officia.", "action_flag": 1, "change_message": "[{\"added\": {}}]"}}, {"model": "admin.logentry", "pk": 81, "fields": {"action_time": "2022-03-21T22:32:16.535Z", "user": 1, "content_type": 8, "object_id": "8", "object_repr": "Marketing", "action_flag": 1, "change_message": "[{\"added\": {}}]"}}, {"model": "admin.logentry", "pk": 82, "fields": {"action_time": "2022-03-21T22:32:27.434Z", "user": 1, "content_type": 8, "object_id": "9", "object_repr": "IT and Software", "action_flag": 1, "change_message": "[{\"added\": {}}]"}}, {"model": "admin.logentry", "pk": 83, "fields": {"action_time": "2022-03-21T22:32:37.265Z", "user": 1, "content_type": 8, "object_id": "10", "object_repr": "Personal Development", "action_flag": 1, "change_message": "[{\"added\": {}}]"}}, {"model": "admin.logentry", "pk": 84, "fields": {"action_time": "2022-03-21T22:32:44.353Z", "user": 1, "content_type": 8, "object_id": "11", "object_repr": "Business", "action_flag": 1, "change_message": "[{\"added\": {}}]"}}, {"model": "admin.logentry", "pk": 85, "fields": {"action_time": "2022-03-21T22:32:55.998Z", "user": 1, "content_type": 8, "object_id": "12", "object_repr": "Photography", "action_flag": 1, "change_message": "[{\"added\": {}}]"}}, {"model": "admin.logentry", "pk": 86, "fields": {"action_time": "2022-03-21T22:33:01.580Z", "user": 1, "content_type": 8, "object_id": "13", "object_repr": "Music", "action_flag": 1, "change_message": "[{\"added\": {}}]"}}, {"model": "admin.logentry", "pk": 87, "fields": {"action_time": "2022-03-21T22:33:43.702Z", "user": 1, "content_type": 7, "object_id": "15", "object_repr": "Course object (15)", "action_flag": 2, "change_message": "[{\"changed\": {\"fields\": [\"Category\"]}}]"}}, {"model": "admin.logentry", "pk": 88, "fields": {"action_time": "2022-03-21T22:33:55.839Z", "user": 1, "content_type": 7, "object_id": "15", "object_repr": "Course object (15)", "action_flag": 2, "change_message": "[{\"changed\": {\"fields\": [\"Category\"]}}]"}}, {"model": "admin.logentry", "pk": 89, "fields": {"action_time": "2022-03-21T22:34:02.974Z", "user": 1, "content_type": 7, "object_id": "16", "object_repr": "Course object (16)", "action_flag": 2, "change_message": "[{\"changed\": {\"fields\": [\"Category\"]}}]"}}, {"model": "admin.logentry", "pk": 90, "fields": {"action_time": "2022-03-21T22:34:13.241Z", "user": 1, "content_type": 7, "object_id": "17", "object_repr": "Course object (17)", "action_flag": 2, "change_message": "[{\"changed\": {\"fields\": [\"Category\"]}}]"}}, {"model": "admin.logentry", "pk": 91, "fields": {"action_time": "2022-03-21T22:34:19.678Z", "user": 1, "content_type": 7, "object_id": "18", "object_repr": "Course object (18)", "action_flag": 2, "change_message": "[{\"changed\": {\"fields\": [\"Category\"]}}]"}}, {"model": "auth.permission", "pk": 1, "fields": {"name": "Can add log entry", "content_type": 1, "codename": "add_logentry"}}, {"model": "auth.permission", "pk": 2, "fields": {"name": "Can change log entry", "content_type": 1, "codename": "change_logentry"}}, {"model": "auth.permission", "pk": 3, "fields": {"name": "Can delete log entry", "content_type": 1, "codename": "delete_logentry"}}, {"model": "auth.permission", "pk": 4, "fields": {"name": "Can view log entry", "content_type": 1, "codename": "view_logentry"}}, {"model": "auth.permission", "pk": 5, "fields": {"name": "Can add permission", "content_type": 2, "codename": "add_permission"}}, {"model": "auth.permission", "pk": 6, "fields": {"name": "Can change permission", "content_type": 2, "codename": "change_permission"}}, {"model": "auth.permission", "pk": 7, "fields": {"name": "Can delete permission", "content_type": 2, "codename": "delete_permission"}}, {"model": "auth.permission", "pk": 8, "fields": {"name": "Can view permission", "content_type": 2, "codename": "view_permission"}}, {"model": "auth.permission", "pk": 9, "fields": {"name": "Can add group", "content_type": 3, "codename": "add_group"}}, {"model": "auth.permission", "pk": 10, "fields": {"name": "Can change group", "content_type": 3, "codename": "change_group"}}, {"model": "auth.permission", "pk": 11, "fields": {"name": "Can delete group", "content_type": 3, "codename": "delete_group"}}, {"model": "auth.permission", "pk": 12, "fields": {"name": "Can view group", "content_type": 3, "codename": "view_group"}}, {"model": "auth.permission", "pk": 13, "fields": {"name": "Can add user", "content_type": 4, "codename": "add_user"}}, {"model": "auth.permission", "pk": 14, "fields": {"name": "Can change user", "content_type": 4, "codename": "change_user"}}, {"model": "auth.permission", "pk": 15, "fields": {"name": "Can delete user", "content_type": 4, "codename": "delete_user"}}, {"model": "auth.permission", "pk": 16, "fields": {"name": "Can view user", "content_type": 4, "codename": "view_user"}}, {"model": "auth.permission", "pk": 17, "fields": {"name": "Can add content type", "content_type": 5, "codename": "add_contenttype"}}, {"model": "auth.permission", "pk": 18, "fields": {"name": "Can change content type", "content_type": 5, "codename": "change_contenttype"}}, {"model": "auth.permission", "pk": 19, "fields": {"name": "Can delete content type", "content_type": 5, "codename": "delete_contenttype"}}, {"model": "auth.permission", "pk": 20, "fields": {"name": "Can view content type", "content_type": 5, "codename": "view_contenttype"}}, {"model": "auth.permission", "pk": 21, "fields": {"name": "Can add session", "content_type": 6, "codename": "add_session"}}, {"model": "auth.permission", "pk": 22, "fields": {"name": "Can change session", "content_type": 6, "codename": "change_session"}}, {"model": "auth.permission", "pk": 23, "fields": {"name": "Can delete session", "content_type": 6, "codename": "delete_session"}}, {"model": "auth.permission", "pk": 24, "fields": {"name": "Can view session", "content_type": 6, "codename": "view_session"}}, {"model": "auth.permission", "pk": 25, "fields": {"name": "Can add course", "content_type": 7, "codename": "add_course"}}, {"model": "auth.permission", "pk": 26, "fields": {"name": "Can change course", "content_type": 7, "codename": "change_course"}}, {"model": "auth.permission", "pk": 27, "fields": {"name": "Can delete course", "content_type": 7, "codename": "delete_course"}}, {"model": "auth.permission", "pk": 28, "fields": {"name": "Can view course", "content_type": 7, "codename": "view_course"}}, {"model": "auth.permission", "pk": 29, "fields": {"name": "Can add category", "content_type": 8, "codename": "add_category"}}, {"model": "auth.permission", "pk": 30, "fields": {"name": "Can change category", "content_type": 8, "codename": "change_category"}}, {"model": "auth.permission", "pk": 31, "fields": {"name": "Can delete category", "content_type": 8, "codename": "delete_category"}}, {"model": "auth.permission", "pk": 32, "fields": {"name": "Can view category", "content_type": 8, "codename": "view_category"}}, {"model": "auth.permission", "pk": 33, "fields": {"name": "Can add post", "content_type": 9, "codename": "add_post"}}, {"model": "auth.permission", "pk": 34, "fields": {"name": "Can change post", "content_type": 9, "codename": "change_post"}}, {"model": "auth.permission", "pk": 35, "fields": {"name": "Can delete post", "content_type": 9, "codename": "delete_post"}}, {"model": "auth.permission", "pk": 36, "fields": {"name": "Can view post", "content_type": 9, "codename": "view_post"}}, {"model": "auth.user", "pk": 1, "fields": {"password": "pbkdf2_sha256$320000$hGFthIki8E4ujJMiQyPTXU$wlkezE99tCAqpwfnFOERLB6Y260Ao6mDB+JOV5jqEdo=", "last_login": "2022-03-16T17:47:11.407Z", "is_superuser": true, "username": "aletbm", "first_name": "", "last_name": "", "email": "alexanderdaniel_rios@hotmail.com", "is_staff": true, "is_active": true, "date_joined": "2022-03-16T17:33:03.051Z", "groups": [], "user_permissions": []}}, {"model": "contenttypes.contenttype", "pk": 1, "fields": {"app_label": "admin", "model": "logentry"}}, {"model": "contenttypes.contenttype", "pk": 2, "fields": {"app_label": "auth", "model": "permission"}}, {"model": "contenttypes.contenttype", "pk": 3, "fields": {"app_label": "auth", "model": "group"}}, {"model": "contenttypes.contenttype", "pk": 4, "fields": {"app_label": "auth", "model": "user"}}, {"model": "contenttypes.contenttype", "pk": 5, "fields": {"app_label": "contenttypes", "model": "contenttype"}}, {"model": "contenttypes.contenttype", "pk": 6, "fields": {"app_label": "sessions", "model": "session"}}, {"model": "contenttypes.contenttype", "pk": 7, "fields": {"app_label": "courses", "model": "course"}}, {"model": "contenttypes.contenttype", "pk": 8, "fields": {"app_label": "courses", "model": "category"}}, {"model": "contenttypes.contenttype", "pk": 9, "fields": {"app_label": "blog", "model": "post"}}, {"model": "sessions.session", "pk": "lqe8blh117v9pu6ombbugr3pk3b60njq", "fields": {"session_data": ".eJztjkEKwjAURK8Ssg4laZtaXbr3BFbCT_JjW20C_iqCeHerKOjGnTu3M-8Nc-EGjmNrjoQH03m-4IqL98yC22G8F76HuE2ZS3E8dDa7I9mzpWyVPO6XT_ZjoAVqJ9vlEhBssN55CbYMUKkwr3UBWnutXKiLoq6wLlSpq9JamQfUzs6qcqZkrh6vBiSCLdI0t1433JieUnylDRdMCpZrwRq-wkjQI8N46sAnhuduTAQDxnECN4L9Spd__au-4dcbLy3Rbg:1nWhlA:64bO0c2-aeiiRaCln6DcmX8Tg2BCrVvpcBO0OvuP0bs", "expire_date": "2022-04-05T16:53:28.070Z"}}, {"model": "courses.category", "pk": 1, "fields": {"category": "Python", "created": "2022-03-16T17:48:47.097Z", "updated": "2022-03-16T17:48:47.097Z"}}, {"model": "courses.category", "pk": 2, "fields": {"category": "Excel", "created": "2022-03-16T17:48:53.423Z", "updated": "2022-03-16T17:48:53.423Z"}}, {"model": "courses.category", "pk": 3, "fields": {"category": "Web Development", "created": "2022-03-16T17:49:06.763Z", "updated": "2022-03-16T17:49:06.763Z"}}, {"model": "courses.category", "pk": 4, "fields": {"category": "Javascript", "created": "2022-03-16T17:49:15.048Z", "updated": "2022-03-16T17:49:15.048Z"}}, {"model": "courses.category", "pk": 5, "fields": {"category": "Data Science", "created": "2022-03-16T17:49:24.064Z", "updated": "2022-03-16T17:49:24.064Z"}}, {"model": "courses.category", "pk": 6, "fields": {"category": "AWS Certification", "created": "2022-03-16T17:49:36.451Z", "updated": "2022-03-16T17:49:36.451Z"}}, {"model": "courses.category", "pk": 7, "fields": {"category": "Design", "created": "2022-03-16T17:49:43.270Z", "updated": "2022-03-16T17:49:43.270Z"}}, {"model": "courses.category", "pk": 8, "fields": {"category": "Marketing", "created": "2022-03-21T22:32:16.492Z", "updated": "2022-03-21T22:32:16.492Z"}}, {"model": "courses.category", "pk": 9, "fields": {"category": "IT and Software", "created": "2022-03-21T22:32:27.369Z", "updated": "2022-03-21T22:32:27.369Z"}}, {"model": "courses.category", "pk": 10, "fields": {"category": "Personal Development", "created": "2022-03-21T22:32:37.226Z", "updated": "2022-03-21T22:32:37.226Z"}}, {"model": "courses.category", "pk": 11, "fields": {"category": "Business", "created": "2022-03-21T22:32:44.270Z", "updated": "2022-03-21T22:32:44.270Z"}}, {"model": "courses.category", "pk": 12, "fields": {"category": "Photography", "created": "2022-03-21T22:32:55.957Z", "updated": "2022-03-21T22:32:55.957Z"}}, {"model": "courses.category", "pk": 13, "fields": {"category": "Music", "created": "2022-03-21T22:33:01.510Z", "updated": "2022-03-21T22:33:01.510Z"}}, {"model": "courses.course", "pk": 8, "fields": {"image": "courses/python.jpg", "title": "Data Science with Python", "author": "UCSanDiegoX", "description": "Learn to use powerful, open-source, Python tools, including Pandas, Git and Matplotlib, to manipulate, analyze, and visualize complex datasets.", "price": "0.00", "created": "2022-03-16T18:20:56.871Z", "updated": "2022-03-16T18:20:56.871Z", "category": [1]}}, {"model": "courses.course", "pk": 9, "fields": {"image": "courses/web-technologies.png", "title": "HTML, CSS and JavaScript for Web Developers", "author": "Yaakov Chaikin", "description": "Learn to code and become a Web Developer in 2022 with HTML, CSS, Javascript, React, Node.js, Machine Learning & more!", "price": "0.00", "created": "2022-03-16T18:22:52.763Z", "updated": "2022-03-16T18:22:52.763Z", "category": [3, 4]}}, {"model": "courses.course", "pk": 10, "fields": {"image": "courses/javascript.png", "title": "Learn JavaScript", "author": "Train&Develop Project Network", "description": "JavaScript is among the most powerful and flexible programming languages of the web. It powers the dynamic behavior on most websites, including this one.", "price": "0.00", "created": "2022-03-16T18:25:07.766Z", "updated": "2022-03-16T18:25:07.766Z", "category": [4]}}, {"model": "courses.course", "pk": 11, "fields": {"image": "courses/1.png", "title": "Learn Python Programming", "author": "Alejandro Miguel Taboada Sanchez", "description": "Learn A-Z everything about Python, from the basics, to advanced topics like Python GUI, Python Data Analysis, and more!", "price": "13.99", "created": "2022-03-16T18:47:31.614Z", "updated": "2022-03-16T18:47:31.614Z", "category": [1]}}, {"model": "courses.course", "pk": 12, "fields": {"image": "courses/2.png", "title": "Python 3 Master Course: Learn From Scratch", "author": "HÚctor Costa Guzmßn", "description": "Learn python and how to use it to analyze,visualize and present data. Includes tons of sample code and hours of video!", "price": "13.99", "created": "2022-03-16T18:48:20.502Z", "updated": "2022-03-16T18:48:20.502Z", "category": [1]}}, {"model": "courses.course", "pk": 13, "fields": {"image": "courses/3.jpg", "title": "Complete Course Python 3 - From the Basics to Djan", "author": "Aldo Olivares", "description": "Python For Beginners : This course is meant for absolute beginners in programming or in python.", "price": "13.99", "created": "2022-03-16T18:49:25.608Z", "updated": "2022-03-16T18:49:25.608Z", "category": [1]}}, {"model": "courses.course", "pk": 14, "fields": {"image": "courses/4.jpg", "title": "Machine Learning y Data Science con Python", "author": "Manuel Garrido", "description": "A practical programming course for office workers, academics, and administrators who want to improve their productivity.", "price": "13.99", "created": "2022-03-16T18:50:25.620Z", "updated": "2022-03-16T18:50:25.620Z", "category": [1]}}, {"model": "courses.course", "pk": 15, "fields": {"image": "courses/1_L1vsqK6.png", "title": "Complete Excel: From Beginner to Advanced + Certif", "author": "Alfonso Rinsche", "description": "Master Advanced Excel 2013 Features. Become A Expert And Learn To Use Excel Like A Pro With This Advanced Excel Training", "price": "13.99", "created": "2022-03-16T19:19:23.089Z", "updated": "2022-03-16T19:19:23.089Z", "category": [2, 11]}}, {"model": "courses.course", "pk": 16, "fields": {"image": "courses/2_0cLa35V.png", "title": "Get Started with Excel: Excel Course for Beginners", "author": "Sebastian Tunnell", "description": "This Microsoft Excel class will make you a master of Microsoft Excel. The training uses Excel 2013 for Windows.", "price": "13.99", "created": "2022-03-16T19:20:43.144Z", "updated": "2022-03-16T19:20:43.144Z", "category": [2, 11]}}, {"model": "courses.course", "pk": 17, "fields": {"image": "courses/3_AGhfGSE.jpg", "title": "All About Excel - From Basics to Professionals", "author": "Juan Gabriel Gomila Salas", "description": "Learn how to effectively use Microsoft Excel 2010 to modify, analyze and visualize business data", "price": "13.99", "created": "2022-03-16T19:21:12.085Z", "updated": "2022-03-16T19:21:12.085Z", "category": [2, 11]}}, {"model": "courses.course", "pk": 18, "fields": {"image": "courses/4_naZ0kEZ.jpg", "title": "Macros and VBA: Program, automate and extend Micro", "author": "David Asurmendi", "description": "Learn Excel Online for MIS Reporting, Data Cleaning, Data Analysis, Ch", "price": "13.99", "created": "2022-03-16T19:22:24.340Z", "updated": "2022-03-16T19:22:24.340Z", "category": [2, 11]}}, {"model": "courses.course", "pk": 19, "fields": {"image": "courses/1.jpg", "title": "Become a Web Developer from scratch Step by Step", "author": "Gilbert RodrÝguez", "description": "This course covers all you need to know about becoming a top skilled web developer even if you never programmed before!", "price": "13.99", "created": "2022-03-16T19:45:46.699Z", "updated": "2022-03-16T19:45:46.699Z", "category": [3]}}, {"model": "courses.course", "pk": 20, "fields": {"image": "courses/2.jpg", "title": "Complete Web Development Course 2.0", "author": "Jose Luis N·±ez Montes", "description": "Complete coverage of HTML, CSS, Javascript while you Earn Four Respected Certifications", "price": "13.99", "created": "2022-03-16T19:46:36.640Z", "updated": "2022-03-16T19:46:36.640Z", "category": [3]}}, {"model": "courses.course", "pk": 21, "fields": {"image": "courses/3.jpeg", "title": "Complete Web Development with HTML5, CSS3, JS AJAX", "author": "Juan Pablo De la torre Valdez", "description": "Learn HTML5, CSS3, JavaScript, Python, Wagtail CMS, PHP & MySQL from scratch!", "price": "13.99", "created": "2022-03-16T19:47:27.649Z", "updated": "2022-03-16T19:47:27.649Z", "category": [3]}}, {"model": "courses.course", "pk": 22, "fields": {"image": "courses/4.jpeg", "title": "Fundamentals of Programming", "author": "Jose Javier Villena", "description": "Become a Full-Stack Web Designer in 2022 - Learn Everything from Web Design Fundamentals to Front-End Web Development", "price": "13.99", "created": "2022-03-16T19:48:27.695Z", "updated": "2022-03-16T19:48:27.695Z", "category": [3]}}, {"model": "courses.course", "pk": 23, "fields": {"image": "courses/1_fv9QfxO.png", "title": "JavaScript: From scratch to details (ES5)", "author": "Fernando Herrera", "description": "Learn javascript online and supercharge your web design with this Javascript for beginners training course.", "price": "13.99", "created": "2022-03-16T19:52:19.248Z", "updated": "2022-03-16T19:52:19.248Z", "category": [4]}}, {"model": "courses.course", "pk": 24, "fields": {"image": "courses/2_RUmQF3c.png", "title": "JavaScript: ECMAScript 6 and all its details", "author": "Fernando Herrera", "description": "An advanced JavaScript course for everyone! Scope, closures, prototypes, 'this', build your own framework, and more.", "price": "13.99", "created": "2022-03-16T19:53:02.076Z", "updated": "2022-03-16T19:53:02.076Z", "category": [4]}}, {"model": "courses.course", "pk": 25, "fields": {"image": "courses/3_ofL6edC.jpg", "title": "Master in JavaScript: Learn JS, jQuery, Angular, N", "author": "VÝctor Robles", "description": "JavaScript for Beginners : Work closely with me doing exercises & learn more. I make Javascript easy for you guaranteed.", "price": "13.99", "created": "2022-03-16T19:53:37.889Z", "updated": "2022-03-16T19:53:37.889Z", "category": [4]}}, {"model": "courses.course", "pk": 26, "fields": {"image": "courses/4_J1ZsHGM.jpg", "title": "Modern JavaScript Ultimate Guide Build 15+ Project", "author": "Juan Pablo De la torre Valdez", "description": "Learn and Use the Future of JavaScript - Today!", "price": "13.99", "created": "2022-03-16T19:54:23.412Z", "updated": "2022-03-16T19:54:23.412Z", "category": [4]}}, {"model": "courses.course", "pk": 27, "fields": {"image": "courses/1_VBhTQEQ.png", "title": "Machine Learning y Data Science con Python", "author": "Manuel Garrido", "description": "Learn Data Science step by step through real Analytics examples. Data Mining, Modeling, Tableau Visualization and more!", "price": "13.99", "created": "2022-03-16T19:59:01.622Z", "updated": "2022-03-16T19:59:01.622Z", "category": [5]}}, {"model": "courses.course", "pk": 28, "fields": {"image": "courses/2_kVohi2c.jpg", "title": "Machine Learning de A a la Z: R y Python para Data", "author": "Juan Gabriel Gomila Salas", "description": "Learn Programming In R And R Studio. Data Analytics, Data Science, Statistical Analysis, Packages, Functions, GGPlot2", "price": "13.99", "created": "2022-03-16T19:59:49.631Z", "updated": "2022-03-16T19:59:49.631Z", "category": [5]}}, {"model": "courses.course", "pk": 29, "fields": {"image": "courses/3.png", "title": "Complete Training in Data Science with Python 2022", "author": "365 Careers, 365 Iliya", "description": "Complete hands-on machine learning tutorial with data science, Tensorflow, artificial intelligence, and neural networks", "price": "13.99", "created": "2022-03-16T20:00:38.837Z", "updated": "2022-03-16T20:00:38.837Z", "category": [5]}}, {"model": "courses.course", "pk": 30, "fields": {"image": "courses/4.png", "title": "Data Science with Python - Numpy & Pandas [2022]", "author": "Ivan Pinar DomÝnguez", "description": "The MOST in-depth look at neural network theory for machine learning, with both pure Python and Tensorflow code", "price": "13.99", "created": "2022-03-16T20:01:09.853Z", "updated": "2022-03-16T20:01:09.853Z", "category": [5]}}, {"model": "courses.course", "pk": 31, "fields": {"image": "courses/1_5Hi8lYA.jpg", "title": "Amazon AWS: Complete Certified Solutions Architect", "author": "JMG S.L", "description": "Videos, labs & practice exams - AWS Certified (Solutions Architect, Developer, SysOps Administrator, Cloud Practitioner)", "price": "13.99", "created": "2022-03-16T20:04:34.302Z", "updated": "2022-03-16T20:04:34.302Z", "category": [6]}}, {"model": "courses.course", "pk": 32, "fields": {"image": "courses/2_U6fM1Rx.png", "title": "Amazon: Complete AWS Course for Beginners 2022", "author": "Sergio Amillano", "description": "All you need to master AWS Certified Security Specialty certification.", "price": "13.99", "created": "2022-03-16T20:05:18.182Z", "updated": "2022-03-16T20:05:18.182Z", "category": [6]}}, {"model": "courses.course", "pk": 33, "fields": {"image": "courses/3_voviAFs.jpg", "title": "Amazon Web Services (AWS) Certified 2022 - 4 Certi", "author": "Paul Coady", "description": "AWS Associate Exam - Master Foundations for Solutions Architect, Sysops, Developer. Join Live Study Group Q&A!", "price": "13.99", "created": "2022-03-16T20:05:47.787Z", "updated": "2022-03-16T20:05:47.787Z", "category": [6]}}, {"model": "courses.course", "pk": 34, "fields": {"image": "courses/4_bW2JCUT.jpg", "title": "[NEW] AWS Certified Cloud Practitioner 6 Practice", "author": "Alberto Jose Fernandez Moran", "description": "In 1 hour, you will gain substantial insight to pass the certification exam. Join Live Study Group Q&A!", "price": "13.99", "created": "2022-03-16T20:06:23.863Z", "updated": "2022-03-16T20:06:23.863Z", "category": [6]}}, {"model": "courses.course", "pk": 35, "fields": {"image": "courses/1_JBU8Qd9.jpg", "title": "The Secrets to Drawing", "author": "Matthew Fussell", "description": "A comprehensive video and ebook course designed for people wanting to learn the core concepts of drawing.", "price": "13.99", "created": "2022-03-16T20:08:18.783Z", "updated": "2022-03-16T20:08:18.783Z", "category": [7]}}, {"model": "courses.course", "pk": 36, "fields": {"image": "courses/2_09btaoG.jpg", "title": "Building Confidence Through Drawing: Art for Begin", "author": "Em Winn", "description": "Learn the principles underlying how to draw, how to paint and how to communicate visually.", "price": "13.99", "created": "2022-03-16T20:08:50.396Z", "updated": "2022-03-16T20:08:50.396Z", "category": [7]}}, {"model": "courses.course", "pk": 37, "fields": {"image": "courses/3_zUgYEUu.png", "title": "How to Draw and Sketch for Absolute Beginners", "author": "Rich Graysonn", "description": "18 Drawing Lessons for Beginners. Course is perfect for engaging after-school activities or homeschool art projects.", "price": "13.99", "created": "2022-03-16T20:09:20.563Z", "updated": "2022-03-16T20:09:20.563Z", "category": [7]}}, {"model": "courses.course", "pk": 38, "fields": {"image": "courses/4_bEtElac.png", "title": "The Art & Science of Drawing / DYNAMIC MARK MAKING", "author": "Brent Eviston", "description": "Students Will Learn How to Draw & Watercolor Paint 12 Cute Animals Step-By-Step. For Beginners of All Ages and Abilities", "price": "13.99", "created": "2022-03-16T20:09:50.399Z", "updated": "2022-03-16T20:09:50.399Z", "category": [7]}}, {"model": "blog.post", "pk": 1, "fields": {"image": "posts/blog1.jpg", "title": "Head1", "author": "Alexander D. Rios", "date": "2022-03-19", "text": "Lorem ipsum dolor sit, amet consectetur adipisicing elit. Dolore facere enim delectus in, deserunt cum iusto eligendi libero dolores", "head_post": true, "created": "2022-03-19T04:41:22.255Z", "updated": "2022-03-19T04:41:22.255Z"}}, {"model": "blog.post", "pk": 2, "fields": {"image": "posts/head-blog2.jpg", "title": "Head2", "author": "Alexander D. Rios", "date": "2022-03-19", "text": "Lorem ipsum dolor sit, amet consectetur adipisicing elit. Dolore facere enim delectus in, deserunt cum iusto eligendi libero dolores", "head_post": true, "created": "2022-03-19T04:42:21.201Z", "updated": "2022-03-19T04:42:21.201Z"}}, {"model": "blog.post", "pk": 3, "fields": {"image": "posts/blog5.jpg", "title": "Head3", "author": "Alexander D. Rios", "date": "2022-03-19", "text": "Lorem ipsum dolor sit, amet consectetur adipisicing elit. Dolore facere enim delectus in, deserunt cum iusto eligendi libero dolores", "head_post": true, "created": "2022-03-19T04:42:45.279Z", "updated": "2022-03-19T04:42:45.279Z"}}, {"model": "blog.post", "pk": 4, "fields": {"image": "posts/head-blog1.jpg", "title": "Lorem ipsum dolor sit amet consectetur adipisicing elit. Molestiae, officia.", "author": "Alexander D. Rios", "date": "2022-03-19", "text": "Lorem ipsum dolor sit amet consectetur adipisicing elit. Voluptate, praesentium tempore recusandae maiores, a officiis, aut corrupti consequuntur laboriosam quia architecto inventore dolore accusamus soluta? Quos vel cumque provident repudiandae deleniti ea magnam enim. Ipsam repellendus nobis explicabo...", "head_post": false, "created": "2022-03-19T04:43:47.256Z", "updated": "2022-03-19T04:43:47.256Z"}}, {"model": "blog.post", "pk": 5, "fields": {"image": "posts/blog2.jpg", "title": "Lorem ipsum dolor sit amet consectetur adipisicing elit. Molestiae, officia.", "author": "Alexander D. Rios", "date": "2022-03-19", "text": "Lorem ipsum dolor sit amet consectetur adipisicing elit. Voluptate, praesentium tempore recusandae maiores, a officiis, aut corrupti consequuntur laboriosam quia architecto inventore dolore accusamus soluta? Quos vel cumque provident repudiandae deleniti ea magnam enim. Ipsam repellendus nobis explicabo...", "head_post": false, "created": "2022-03-19T04:44:34.332Z", "updated": "2022-03-19T04:44:34.332Z"}}, {"model": "blog.post", "pk": 6, "fields": {"image": "posts/blog3.jpg", "title": "Lorem ipsum dolor sit amet consectetur adipisicing elit. Molestiae, officia.", "author": "Alexander D. Rios", "date": "2022-03-19", "text": "Lorem ipsum dolor sit amet consectetur adipisicing elit. Voluptate, praesentium tempore recusandae maiores, a officiis, aut corrupti consequuntur laboriosam quia architecto inventore dolore accusamus soluta? Quos vel cumque provident repudiandae deleniti ea magnam enim. Ipsam repellendus nobis explicabo...", "head_post": false, "created": "2022-03-19T04:45:25.365Z", "updated": "2022-03-19T04:45:25.365Z"}}, {"model": "blog.post", "pk": 7, "fields": {"image": "posts/blog4.jpg", "title": "Lorem ipsum dolor sit amet consectetur adipisicing elit. Molestiae, officia.", "author": "Alexander D. Rios", "date": "2022-03-19", "text": "Lorem ipsum dolor sit amet consectetur adipisicing elit. Voluptate, praesentium tempore recusandae maiores, a officiis, aut corrupti consequuntur laboriosam quia architecto inventore dolore accusamus soluta? Quos vel cumque provident repudiandae deleniti ea magnam enim. Ipsam repellendus nobis explicabo...", "head_post": false, "created": "2022-03-19T04:45:42.765Z", "updated": "2022-03-19T04:45:42.765Z"}}, {"model": "blog.post", "pk": 8, "fields": {"image": "posts/head-blog3.jpg", "title": "Lorem ipsum dolor sit amet consectetur adipisicing elit. Molestiae, officia.", "author": "Alexander D. Rios", "date": "2022-03-19", "text": "Lorem ipsum dolor sit amet consectetur adipisicing elit. Voluptate, praesentium tempore recusandae maiores, a officiis, aut corrupti consequuntur laboriosam quia architecto inventore dolore accusamus soluta? Quos vel cumque provident repudiandae deleniti ea magnam enim. Ipsam repellendus nobis explicabo...", "head_post": false, "created": "2022-03-19T04:46:13.504Z", "updated": "2022-03-19T04:46:13.504Z"}}, {"model": "blog.post", "pk": 9, "fields": {"image": "posts/blog6.jpg", "title": "Lorem ipsum dolor sit amet consectetur adipisicing elit. Molestiae, officia.", "author": "Alexander D. Rios", "date": "2022-03-19", "text": "Lorem ipsum dolor sit amet consectetur adipisicing elit. Voluptate, praesentium tempore recusandae maiores, a officiis, aut corrupti consequuntur laboriosam quia architecto inventore dolore accusamus soluta? Quos vel cumque provident repudiandae deleniti ea magnam enim. Ipsam repellendus nobis explicabo...", "head_post": false, "created": "2022-03-19T04:46:34.679Z", "updated": "2022-03-19T04:46:34.679Z"}}, {"model": "blog.post", "pk": 10, "fields": {"image": "", "title": "Lorem ipsum dolor sit amet consectetur adipisicing elit. Molestiae, officia.", "author": "Alexander D. Rios", "date": "2022-03-19", "text": "Lorem ipsum dolor sit amet consectetur adipisicing elit. Voluptate, praesentium tempore recusandae maiores, a officiis, aut corrupti consequuntur laboriosam quia architecto inventore dolore accusamus soluta? Quos vel cumque provident repudiandae deleniti ea magnam enim. Ipsam repellendus nobis explicabo.", "head_post": false, "created": "2022-03-19T05:19:06.465Z", "updated": "2022-03-19T05:19:06.465Z"}}, {"model": "blog.post", "pk": 11, "fields": {"image": "", "title": "Lorem ipsum dolor sit amet consectetur adipisicing elit. Molestiae, officia.", "author": "Alexander D. Rios", "date": "2022-03-19", "text": "Lorem ipsum dolor sit amet consectetur adipisicing elit. Voluptate, praesentium tempore recusandae maiores, a officiis, aut corrupti consequuntur laboriosam quia architecto inventore dolore accusamus soluta? Quos vel cumque provident repudiandae deleniti ea magnam enim. Ipsam repellendus nobis explicabo.", "head_post": false, "created": "2022-03-19T05:25:49.371Z", "updated": "2022-03-19T05:25:49.371Z"}}, {"model": "blog.post", "pk": 12, "fields": {"image": "", "title": "Lorem ipsum dolor sit amet consectetur adipisicing elit. Molestiae, officia.", "author": "Alexander D. Rios", "date": "2022-03-19", "text": "Lorem ipsum dolor sit amet consectetur adipisicing elit. Voluptate, praesentium tempore recusandae maiores, a officiis, aut corrupti consequuntur laboriosam quia architecto inventore dolore accusamus soluta? Quos vel cumque provident repudiandae deleniti ea magnam enim. Ipsam repellendus nobis explicabo.", "head_post": false, "created": "2022-03-19T05:25:57.320Z", "updated": "2022-03-19T05:25:57.320Z"}}]
